{
  "main": {
    "id": "652cadd090c49a3b",
    "type": "split",
    "children": [
      {
        "id": "796caff36feef55e",
        "type": "tabs",
        "dimension": 48.73096446700508,
        "children": [
          {
            "id": "56566bf01fd9cd11",
            "type": "leaf",
            "state": {
              "type": "markdown",
              "state": {
                "file": "Introduction.md",
                "mode": "source",
                "source": false
              }
            }
          },
          {
            "id": "f7db9be3f694c2c8",
            "type": "leaf",
            "state": {
              "type": "markdown",
              "state": {
                "file": "SUMMARY.md",
                "mode": "source",
                "source": false
              }
            }
          },
          {
            "id": "9c72c13d74537529",
            "type": "leaf",
            "state": {
              "type": "markdown",
              "state": {
                "file": "API for Expression.md",
                "mode": "source",
                "source": false
              }
            }
          }
        ],
        "currentTab": 2
      },
      {
        "id": "348ec6eb393b2907",
        "type": "tabs",
        "dimension": 51.26903553299492,
        "children": [
          {
            "id": "9a44a47637b79c5f",
            "type": "leaf",
            "state": {
              "type": "markdown",
              "state": {
                "file": "Global API and Context.md",
                "mode": "source",
                "source": false
              }
            }
          },
          {
            "id": "5ba2548cfb5a45fb",
            "type": "leaf",
            "state": {
              "type": "markdown",
              "state": {
                "file": "Input notation syntax.md",
                "mode": "source",
                "source": false
              }
            }
          }
        ]
      }
    ],
    "direction": "vertical"
  },
  "left": {
    "id": "a61fde71f75d0d75",
    "type": "split",
    "children": [
      {
        "id": "786e1a436f2c3644",
        "type": "tabs",
        "children": [
          {
            "id": "cc24d491f9480ceb",
            "type": "leaf",
            "state": {
              "type": "file-explorer",
              "state": {
                "sortOrder": "alphabetical"
              }
            }
          },
          {
            "id": "94976e4ef307ff97",
            "type": "leaf",
            "state": {
              "type": "search",
              "state": {
                "query": "",
                "matchingCase": false,
                "explainSearch": false,
                "collapseAll": false,
                "extraContext": false,
                "sortOrder": "alphabetical"
              }
            }
          },
          {
            "id": "082a043aaa38c7bd",
            "type": "leaf",
            "state": {
              "type": "bookmarks",
              "state": {}
            }
          }
        ]
      }
    ],
    "direction": "horizontal",
    "width": 300
  },
  "right": {
    "id": "c8c224513ef4cdb5",
    "type": "split",
    "children": [
      {
        "id": "97b9ee7aef6281ac",
        "type": "tabs",
        "children": [
          {
            "id": "c38115b1e9a6e8c6",
            "type": "leaf",
            "state": {
              "type": "backlink",
              "state": {
                "file": "Global API and Context.md",
                "collapseAll": false,
                "extraContext": false,
                "sortOrder": "alphabetical",
                "showSearch": false,
                "searchQuery": "",
                "backlinkCollapsed": false,
                "unlinkedCollapsed": true
              }
            }
          },
          {
            "id": "7697ef128ba9633c",
            "type": "leaf",
            "state": {
              "type": "outgoing-link",
              "state": {
                "file": "Global API and Context.md",
                "linksCollapsed": false,
                "unlinkedCollapsed": true
              }
            }
          },
          {
            "id": "8a6b22c3e63118ad",
            "type": "leaf",
            "state": {
              "type": "tag",
              "state": {
                "sortOrder": "frequency",
                "useHierarchy": true
              }
            }
          },
          {
            "id": "d9470145cb9e51cc",
            "type": "leaf",
            "state": {
              "type": "outline",
              "state": {
                "file": "Global API and Context.md"
              }
            }
          }
        ]
      }
    ],
    "direction": "horizontal",
    "width": 300,
    "collapsed": true
  },
  "left-ribbon": {
    "hiddenItems": {
      "switcher:Open quick switcher": false,
      "graph:Open graph view": false,
      "canvas:Create new canvas": false,
      "daily-notes:Open today's note": false,
      "templates:Insert template": false,
      "command-palette:Open command palette": false
    }
  },
  "active": "9a44a47637b79c5f",
  "lastOpenFiles": [
    "API for Expression.md",
    "API.md",
    "Global API and Context.md",
    "Input notation syntax.md",
    "SUMMARY.md",
    "Settings.md",
    "Pasted image 20240328003625.png",
    "learn in the process.md",
    "Introduction.md",
    "How to install.md",
    "what next.md",
    "Pasted image 20240328003240.png"
  ]
}